[{"line":2,"elements":[{"start_timestamp":"2024-08-07T03:53:08.874Z","line":5,"name":"Successful login with valid credentials","description":"","id":"user-login;successful-login-with-valid-credentials","after":[{"result":{"duration":514199100,"status":"passed"},"match":{"location":"stepDef.Login.tearDown()"}}],"type":"scenario","keyword":"Scenario","steps":[{"result":{"duration":9048689100,"status":"passed"},"line":6,"name":"User is on the login page","match":{"location":"stepDef.Login.user_is_on_the_login_page()"},"keyword":"Given "},{"result":{"duration":419142700,"status":"passed"},"line":7,"name":"User enters valid username and password","match":{"location":"stepDef.Login.user_enters_valid_username_and_password()"},"keyword":"When "},{"result":{"duration":11561550000,"status":"passed"},"line":8,"name":"User clicks on the login button","match":{"location":"stepDef.Login.user_clicks_on_the_login_button()"},"keyword":"And "},{"result":{"duration":6624203900,"status":"passed"},"line":9,"name":"User should be redirected to the dashboard page","match":{"location":"stepDef.Login.user_should_be_redirected_to_the_dashboard_page()"},"keyword":"Then "}],"tags":[{"name":"@RunAll"},{"name":"@Valid"}]},{"start_timestamp":"2024-08-07T03:53:37.112Z","line":12,"name":"Unsuccessful login with invalid credentials","description":"","id":"user-login;unsuccessful-login-with-invalid-credentials","after":[{"result":{"duration":554655800,"status":"passed"},"match":{"location":"stepDef.Login.tearDown()"}}],"type":"scenario","keyword":"Scenario","steps":[{"result":{"duration":5538861300,"status":"passed"},"line":13,"name":"User is on the login page","match":{"location":"stepDef.Login.user_is_on_the_login_page()"},"keyword":"Given "},{"result":{"duration":463121600,"status":"passed"},"line":14,"name":"User enters invalid username and password","match":{"location":"stepDef.Login.user_enters_invalid_username_and_password()"},"keyword":"When "},{"result":{"duration":2328315400,"status":"passed"},"line":15,"name":"User clicks on the login button","match":{"location":"stepDef.Login.user_clicks_on_the_login_button()"},"keyword":"And "},{"result":{"duration":1011300,"status":"passed"},"line":16,"name":"User should see an error message","match":{"location":"stepDef.Login.user_should_see_an_error_message()"},"keyword":"Then "}],"tags":[{"name":"@RunAll"},{"name":"@Invalid"}]}],"name":"User Login","description":"","id":"user-login","keyword":"Feature","uri":"file:src/test/java/feature/login.feature","tags":[{"name":"@RunAll","type":"Tag","location":{"line":1,"column":1}}]}]